{"cameraMode":{"drawMode":0,"name":"Shaded","section":"Shading Mode"},"sceneLighting":false,"audioPlay":false,"sceneViewState":{"showFog":true,"showMaterialUpdate":false,"showSkybox":false,"showFlares":true,"showImageEffects":true,"showParticleSystems":true},"in2DMode":false,"pivot":{"x":0.9785337448120117,"y":0.6270468235015869,"z":-0.25775861740112307},"rotation":{"x":-0.09530221670866013,"y":-0.21709203720092774,"z":0.021301735192537309,"w":-0.9712545871734619},"size":1.9511990547180176,"orthographic":false}